,zip_code,neighborhood,community,rent_2024,mean_rent,0br_2019,0br_2020,0br_2021,0br_2022,0br_2023,population,median_household_income,unemployment_rate,average_household_size,crime_rate,average_temp,median_age,white_population,black_population,native_population,asian_population,latino_population,rent_growth_2019_to_2020,rent_growth_2020_to_2021,rent_growth_2021_to_2022,rent_growth_2022_to_2023,predicted_growth_2023_to_2024
0,90001,Florence-Graham,Los Angeles,1333.0,1134.0,970.0,1050,1160,1240,1250,55859,57698,0.1,4.23,61.5,65.8,31.0,0.486,0.084,0.029,0.009,0.913,0.08247422680412371,0.10476190476190476,0.06896551724137931,0.008064516129032258,0.06606654123411002
1,90002,South Los Angeles,Los Angeles ,1333.0,1134.0,970.0,1050,1160,1240,1250,53150,54221,0.113,4.07,27.1,65.2,30.2,0.388,0.168,0.044,0.016,0.824,0.08247422680412371,0.10476190476190476,0.06896551724137931,0.008064516129032258,0.06606654123411002
2,90003,South Los Angeles,Los Angeles ,1329.0,1140.0,980.0,1070,1160,1240,1250,72764,51275,0.095,4.15,27.1,65.2,29.5,0.334,0.178,0.015,0.007,0.815,0.09183673469387756,0.08411214953271028,0.06896551724137931,0.008064516129032258,0.06324472939924985
3,90004,Hancock Park,Los Angeles,1657.0,1386.0,1230.0,1330,1400,1410,1560,58585,58420,0.074,2.51,27.1,65.8,35.9,0.377,0.06,0.023,0.263,0.466,0.08130081300813008,0.05263157894736842,0.007142857142857143,0.10638297872340426,0.06186455695543998
4,90005,Rampart Village,Los Angeles,1783.0,1464.0,1250.0,1390,1500,1520,1660,37987,49226,0.047,2.24,27.1,65.8,35.3,0.31,0.067,0.028,0.339,0.493,0.112,0.07913669064748201,0.013333333333333334,0.09210526315789473,0.07414382178467752
5,90006,"Byzantine-Latino Quarter, Harvard Heights, Koreatown, Pico Heights",Los Angeles ,1411.0,1192.0,1050.0,1140,1200,1240,1330,58229,47599,0.056,2.89,27.1,65.2,35.7,0.357,0.039,0.022,0.189,0.725,0.08571428571428572,0.05263157894736842,0.03333333333333333,0.07258064516129033,0.06106496078906945
6,90007,South Los Angeles,Los Angeles ,1352.0,1202.0,1070.0,1170,1240,1240,1290,40944,36326,0.125,2.86,27.1,65.2,25.2,0.439,0.102,0.023,0.209,0.539,0.09345794392523364,0.05982905982905983,0.0,0.04032258064516129,0.04840239609986369
7,90008,"Baldwin Hills, Crenshaw, Leimert Park",Los Angeles,1395.0,1172.0,1020.0,1110,1180,1240,1310,33041,57880,0.089,2.24,27.1,65.8,41.6,0.156,0.659,0.022,0.035,0.263,0.08823529411764706,0.06306306306306306,0.05084745762711865,0.056451612903225805,0.06464935692776363
8,90010,"Hancock Park, Wilshire Center, Windsor Square",Los Angeles,2183.0,1784.0,1560.0,1700,1800,1820,2040,5400,92454,0.029,1.75,27.1,65.8,33.9,0.214,0.061,0.012,0.673,0.079,0.08974358974358974,0.058823529411764705,0.011111111111111112,0.12087912087912088,0.07013933778639661
9,90011,Southeast Los Angeles,Los Angeles ,1333.0,1134.0,970.0,1050,1160,1240,1250,102308,51819,0.105,4.33,27.1,65.2,30.6,0.407,0.068,0.027,0.008,0.921,0.08247422680412371,0.10476190476190476,0.06896551724137931,0.008064516129032258,0.06606654123411002
10,90012,"Downtown Civic Center, Chinatown, Arts District, Bunker Hill, Historic Core, Little Tokyo",Los Angeles ,1745.0,1282.0,1030.0,1160,1280,1370,1570,33851,58444,0.081,1.95,27.1,65.2,35.2,0.312,0.147,0.024,0.388,0.275,0.1262135922330097,0.10344827586206896,0.0703125,0.145985401459854,0.11148994238873317
11,90013,Downtown ,Los Angeles,1895.0,1576.0,1350.0,1520,1610,1630,1770,15589,24853,0.167,1.32,27.1,65.8,43.3,0.439,0.325,0.071,0.153,0.239,0.1259259259259259,0.05921052631578947,0.012422360248447204,0.08588957055214724,0.07086209576057745
12,90014,"Downtown Historic Core, Arts District",Los Angeles ,2482.0,1952.0,1560.0,1830,2030,2080,2260,9254,26550,0.116,1.4,27.1,65.2,41.2,0.403,0.231,0.02,0.255,0.256,0.17307692307692307,0.1092896174863388,0.024630541871921183,0.08653846153846154,0.09838388599341116
13,90015,"Dowtown Fashion District, South Park-South",Los Angeles ,2573.0,1406.0,1060.0,1180,1310,1350,2130,27324,61959,0.071,1.97,27.1,65.2,32.0,0.425,0.107,0.031,0.235,0.524,0.11320754716981132,0.11016949152542373,0.030534351145038167,0.5777777777777777,0.20792229190451272
14,90016,West Adams,Los Angeles ,1482.0,1230.0,1080.0,1180,1250,1250,1390,46512,63090,0.073,2.67,27.1,65.2,35.0,0.453,0.304,0.019,0.057,0.546,0.09259259259259259,0.059322033898305086,0.0,0.112,0.06597865662272442
15,90017,Downtown Bunker Hill,Los Angeles,1568.0,1348.0,1110.0,1320,1450,1400,1460,27295,46626,0.062,2.1,27.1,65.8,32.7,0.314,0.142,0.015,0.187,0.572,0.1891891891891892,0.09848484848484848,-0.034482758620689655,0.04285714285714286,0.07401210547762271
16,90018,Jefferson Park,Los Angeles,1405.0,1184.0,1030.0,1130,1200,1240,1320,50179,58987,0.08,2.98,27.1,65.8,35.9,0.379,0.266,0.014,0.073,0.587,0.0970873786407767,0.061946902654867256,0.03333333333333333,0.06451612903225806,0.06422093591530884
17,90019,"Arlington Heights, Country Club Park, Mid-City",Los Angeles ,1660.0,1358.0,1180.0,1290,1370,1400,1550,62002,65972,0.085,2.46,54.4,65.2,38.8,0.412,0.199,0.016,0.186,0.435,0.09322033898305085,0.06201550387596899,0.021897810218978103,0.10714285714285714,0.07106912755521377
18,90020,"Hancock Park, Western Wilton, Wilshire Center, Windsor Square",Los Angeles,1759.0,1526.0,1360.0,1480,1560,1560,1670,38694,55321,0.068,2.2,27.1,65.8,36.8,0.256,0.085,0.014,0.468,0.337,0.08823529411764706,0.05405405405405406,0.0,0.07051282051282051,0.05320054217113041
19,90021,Downtown,Los Angeles,2251.0,1530.0,1050.0,1280,1600,1790,1930,5192,29659,0.133,1.73,27.1,65.8,40.0,0.393,0.239,0.036,0.074,0.48,0.21904761904761905,0.25,0.11875,0.0782122905027933,0.1665024773876031
20,90022,East Los Angeles,East Los Angeles,1329.0,1142.0,980.0,1080,1160,1240,1250,64517,65142,0.057,3.77,6.4,65.8,33.2,0.445,0.009,0.033,0.019,0.965,0.10204081632653061,0.07407407407407407,0.06896551724137931,0.008064516129032258,0.06328623094275407
21,90023,Commerce,Commerce,1333.0,1134.0,970.0,1050,1160,1240,1250,45939,52918,0.088,3.52,15.0,62.1,31.7,0.371,0.013,0.034,0.011,0.957,0.08247422680412371,0.10476190476190476,0.06896551724137931,0.008064516129032258,0.06606654123411002
22,90024,Westwood,Los Angeles ,2468.0,2018.0,1740.0,1920,2050,2080,2300,52862,74852,0.097,2.09,27.1,65.2,22.9,0.629,0.058,0.012,0.311,0.131,0.10344827586206896,0.06770833333333333,0.014634146341463415,0.10576923076923077,0.07288999657652412
23,90025,"Sawtelle, West Los Angeles",Los Angeles,2475.0,2010.0,1720.0,1900,2050,2080,2300,45466,103511,0.069,1.99,27.1,65.8,34.8,0.693,0.047,0.012,0.265,0.127,0.10465116279069768,0.07894736842105263,0.014634146341463415,0.10576923076923077,0.07600047708061113
24,90026,Echo Park,Los Angeles ,1591.0,1298.0,1110.0,1230,1320,1350,1480,63329,80549,0.077,2.4,27.1,65.2,36.1,0.483,0.059,0.028,0.153,0.485,0.10810810810810811,0.07317073170731707,0.022727272727272728,0.0962962962962963,0.07507560220974856
25,90027,"Griffith Park, Hollywood, Los Feliz",Los Angeles ,1895.0,1566.0,1350.0,1490,1600,1620,1770,44471,86826,0.084,2.02,27.1,65.2,38.1,0.72,0.05,0.015,0.143,0.22,0.1037037037037037,0.0738255033557047,0.0125,0.09259259259259259,0.07065544991300024
26,90028,Hollywood,Los Angeles ,1931.0,1624.0,1400.0,1540,1670,1700,1810,32330,57258,0.103,1.69,27.1,65.2,36.5,0.578,0.117,0.029,0.162,0.287,0.1,0.08441558441558442,0.017964071856287425,0.06470588235294118,0.06677138465620326
27,90029,East Hollywood,Los Angeles ,1578.0,1276.0,1110.0,1210,1280,1310,1470,34695,56529,0.101,2.52,27.1,65.2,36.7,0.414,0.039,0.017,0.176,0.511,0.09009009009009009,0.05785123966942149,0.0234375,0.12213740458015267,0.07337905858491606
28,90031,"Lincoln Heights, Montecito Heights",Los Angeles,1333.0,1136.0,970.0,1060,1160,1240,1250,37333,59889,0.087,3.09,27.1,65.8,38.2,0.249,0.029,0.024,0.302,0.59,0.09278350515463918,0.09433962264150944,0.06896551724137931,0.008064516129032258,0.06603829029164004
29,90032,Monterey Hills,Los Angeles,1332.0,1154.0,1010.0,1100,1160,1240,1260,43506,76608,0.093,3.25,27.1,65.8,37.4,0.385,0.034,0.031,0.138,0.747,0.0891089108910891,0.05454545454545454,0.06896551724137931,0.016129032258064516,0.05718722873399687
30,90033,Boyle Heights,Los Angeles ,1333.0,1134.0,970.0,1050,1160,1240,1250,46081,50616,0.1,3.47,27.1,65.2,31.8,0.29,0.025,0.029,0.05,0.904,0.08247422680412371,0.10476190476190476,0.06896551724137931,0.008064516129032258,0.06606654123411002
31,90034,Palms,Los Angeles,1988.0,1652.0,1430.0,1580,1690,1700,1860,57152,97511,0.054,2.13,27.1,65.8,34.7,0.57,0.116,0.019,0.226,0.259,0.1048951048951049,0.06962025316455696,0.005917159763313609,0.09411764705882353,0.06863754122044974
32,90035,West Fairfax,Los Angeles ,2143.0,1814.0,1600.0,1750,1850,1850,2020,30294,110520,0.07,2.3,27.1,65.2,36.9,0.784,0.089,0.009,0.091,0.133,0.09375,0.05714285714285714,0.0,0.0918918918918919,0.06069618725868726
33,90036,Melrose,Los Angeles,2468.0,2018.0,1740.0,1920,2050,2080,2300,39549,97583,0.086,1.89,27.1,65.8,36.5,0.696,0.084,0.012,0.222,0.136,0.10344827586206896,0.06770833333333333,0.014634146341463415,0.10576923076923077,0.07288999657652412
34,90037,South Los Angeles,Los Angeles,1322.0,1156.0,1000.0,1110,1180,1240,1250,63706,52238,0.08,3.84,27.1,65.8,32.4,0.383,0.17,0.031,0.016,0.799,0.11,0.06306306306306306,0.05084745762711865,0.008064516129032258,0.05799375920480349
35,90038,Hollywood,Los Angeles ,1780.0,1446.0,1260.0,1370,1460,1480,1660,27414,57102,0.075,2.09,27.1,65.2,34.5,0.521,0.097,0.032,0.077,0.523,0.0873015873015873,0.06569343065693431,0.0136986301369863,0.12162162162162163,0.07207881742928238
36,90039,Atwater Village,Los Angeles,1890.0,1538.0,1290.0,1450,1580,1620,1750,28059,108338,0.063,2.31,27.1,65.8,41.4,0.613,0.038,0.044,0.234,0.311,0.12403100775193798,0.0896551724137931,0.02531645569620253,0.08024691358024691,0.07981238736054513
37,90040,Commerce,Commerce,1333.0,1134.0,970.0,1050,1160,1240,1250,12089,62083,0.053,3.52,15.0,62.1,38.3,0.547,0.011,0.051,0.022,0.949,0.08247422680412371,0.10476190476190476,0.06896551724137931,0.008064516129032258,0.06606654123411002
38,90041,Eagle Rock,Los Angeles,1650.0,1384.0,1210.0,1330,1410,1420,1550,26654,111938,0.06,2.69,27.1,65.8,40.4,0.554,0.036,0.039,0.31,0.35,0.09917355371900827,0.06015037593984962,0.0070921985815602835,0.09154929577464789,0.06449135600376651
39,90042,Highland Park,Los Angeles ,1597.0,1324.0,1170.0,1260,1340,1350,1500,58295,89168,0.088,2.75,27.1,65.2,37.7,0.522,0.041,0.064,0.175,0.578,0.07692307692307693,0.06349206349206349,0.007462686567164179,0.1111111111111111,0.06474723452335393
40,90043,Hyde Park,Los Angeles ,1358.0,1176.0,1050.0,1120,1180,1240,1290,46179,63990,0.118,2.55,27.1,65.2,40.8,0.22,0.643,0.02,0.036,0.264,0.06666666666666667,0.05357142857142857,0.05084745762711865,0.04032258064516129,0.05285203337759379
41,90044,Athens,Los Angeles ,1329.0,1138.0,980.0,1060,1160,1240,1250,94354,48386,0.103,3.55,27.1,65.2,31.2,0.328,0.33,0.017,0.011,0.657,0.08163265306122448,0.09433962264150944,0.06896551724137931,0.008064516129032258,0.06325057726828638
42,90045,Los Angeles internation Airport,Los Angeles ,2190.0,1786.0,1540.0,1690,1820,1840,2040,41035,125692,0.064,2.36,27.1,65.2,36.2,0.695,0.114,0.023,0.194,0.195,0.09740259740259741,0.07692307692307693,0.01098901098901099,0.10869565217391304,0.07350258437214958
43,90046,West Hollywood,Los Angeles ,2070.0,1742.0,1540.0,1670,1770,1780,1950,49987,87339,0.084,1.67,9.3,65.2,39.2,0.816,0.085,0.013,0.099,0.154,0.08441558441558442,0.059880239520958084,0.005649717514124294,0.09550561797752809,0.061362789857048725
44,90047,South Los Angeles,Los Angeles ,1411.0,1198.0,1050.0,1150,1220,1240,1330,50154,67018,0.087,3.01,27.1,65.2,37.4,0.202,0.563,0.026,0.018,0.412,0.09523809523809523,0.06086956521739131,0.01639344262295082,0.07258064516129033,0.06127043705993192
45,90048,Mid-City West,Los Angeles ,2468.0,2018.0,1740.0,1920,2050,2080,2300,22604,102244,0.066,1.73,27.1,65.2,39.3,0.847,0.065,0.011,0.1,0.08,0.10344827586206896,0.06770833333333333,0.014634146341463415,0.10576923076923077,0.07288999657652412
46,90049,Brentwood,Los Angeles ,2468.0,2018.0,1740.0,1920,2050,2080,2300,36980,161605,0.04,2.18,27.1,65.2,39.4,0.884,0.031,0.006,0.117,0.082,0.10344827586206896,0.06770833333333333,0.014634146341463415,0.10576923076923077,0.07288999657652412
47,90056,Ladera Heights,Ladera Heights,2012.0,1602.0,1360.0,1500,1620,1670,1860,8184,123457,0.038,2.52,11.1,64.9,42.7,0.201,0.736,0.05,0.084,0.112,0.10294117647058823,0.08,0.030864197530864196,0.11377245508982035,0.08189445727281819
48,90057,Westlake,Los Angeles ,1518.0,1246.0,1090.0,1190,1260,1270,1420,45510,46513,0.067,2.69,27.1,65.2,34.2,0.287,0.079,0.042,0.186,0.682,0.09174311926605505,0.058823529411764705,0.007936507936507936,0.11811023622047244,0.06915334820870003
49,90058,Vernon,Los Angeles ,1333.0,1134.0,970.0,1050,1160,1240,1250,3751,34093,0.048,2.93,27.1,65.2,29.7,0.488,0.173,0.013,0.005,0.692,0.08247422680412371,0.10476190476190476,0.06896551724137931,0.008064516129032258,0.06606654123411002
50,90059,Willowbrook,Los Angeles ,1333.0,1134.0,970.0,1050,1160,1240,1250,43551,50939,0.143,3.76,27.1,65.2,30.4,0.343,0.291,0.03,0.013,0.7,0.08247422680412371,0.10476190476190476,0.06896551724137931,0.008064516129032258,0.06606654123411002
51,90061,South Los Angeles,Los Angeles ,1312.0,1158.0,1030.0,1110,1160,1240,1250,29570,56837,0.075,3.66,27.1,65.2,32.3,0.388,0.286,0.04,0.015,0.694,0.07766990291262135,0.04504504504504504,0.06896551724137931,0.008064516129032258,0.049936245332019485
52,90062,South Los Angeles,Los Angeles ,1365.0,1170.0,1030.0,1110,1180,1240,1290,32524,61422,0.074,3.37,27.1,65.2,37.6,0.318,0.295,0.026,0.028,0.643,0.07766990291262135,0.06306306306306306,0.05084745762711865,0.04032258064516129,0.057975751061991085
53,90063,South Los Angeles,Los Angeles ,1333.0,1134.0,970.0,1050,1160,1240,1250,50227,69307,0.073,3.84,27.1,65.2,33.4,0.337,0.009,0.034,0.022,0.939,0.08247422680412371,0.10476190476190476,0.06896551724137931,0.008064516129032258,0.06606654123411002
54,90064,Rancho Park,Los Angeles ,2379.0,1992.0,1690.0,1920,2050,2080,2220,27553,123929,0.048,2.25,27.1,65.2,40.1,0.726,0.049,0.013,0.223,0.144,0.13609467455621302,0.06770833333333333,0.014634146341463415,0.0673076923076923,0.07143621163467552
55,90065,Glassell Park,Los Angeles ,1532.0,1228.0,1050.0,1150,1240,1280,1420,44328,88329,0.072,2.75,27.1,65.2,38.7,0.518,0.033,0.049,0.183,0.518,0.09523809523809523,0.0782608695652174,0.03225806451612903,0.109375,0.0787830073298604
56,90066,Culver City ,Los Angeles,2071.0,1704.0,1460.0,1630,1740,1760,1930,55304,100344,0.053,2.16,27.1,65.8,39.3,0.688,0.066,0.02,0.185,0.255,0.11643835616438356,0.06748466257668712,0.011494252873563218,0.09659090909090909,0.07300204517638575
57,90067,Century City ,Los Angeles ,2468.0,2018.0,1740.0,1920,2050,2080,2300,3344,125995,0.061,1.53,27.1,65.2,59.7,0.771,0.057,0.0,0.193,0.063,0.10344827586206896,0.06770833333333333,0.014634146341463415,0.10576923076923077,0.07288999657652412
58,90068,Hollywood,Los Angeles ,2257.0,1812.0,1540.0,1690,1840,1900,2090,24361,97151,0.076,1.78,27.1,65.2,42.0,0.829,0.077,0.006,0.091,0.12,0.09740259740259741,0.08875739644970414,0.03260869565217391,0.1,0.07969217237611886
59,90069,West Hollywood,Los Angeles ,2414.0,2010.0,1740.0,1920,2050,2080,2260,20584,106133,0.079,1.54,9.3,65.2,44.0,0.889,0.037,0.013,0.09,0.078,0.10344827586206896,0.06770833333333333,0.014634146341463415,0.08653846153846154,0.06808230426883181
60,90077,Bel Air,Los Angeles ,2468.0,2018.0,1740.0,1920,2050,2080,2300,8874,203194,0.082,2.58,6.4,65.2,46.6,0.878,0.039,0.004,0.11,0.059,0.10344827586206896,0.06770833333333333,0.014634146341463415,0.10576923076923077,0.07288999657652412
61,90094,Playa Vista,Los Angeles ,2468.0,2018.0,1740.0,1920,2050,2080,2300,12746,156536,0.041,2.01,27.1,65.2,36.7,0.693,0.109,0.005,0.218,0.146,0.10344827586206896,0.06770833333333333,0.014634146341463415,0.10576923076923077,0.07288999657652412
62,90201,Bell,Bell Gardens,1378.0,1170.0,1030.0,1110,1170,1240,1300,95810,53692,0.069,4.07,3.8,63.0,31.8,0.742,0.02,0.019,0.009,0.939,0.07766990291262135,0.05405405405405406,0.05982905982905983,0.04838709677419355,0.059985028392482195
63,90210,Beverly Hills,Beverly Hills,2468.0,2018.0,1740.0,1920,2050,2080,2300,21134,172285,0.043,2.26,4.8,64.3,50.9,0.907,0.027,0.004,0.085,0.06,0.10344827586206896,0.06770833333333333,0.014634146341463415,0.10576923076923077,0.07288999657652412
64,90211,Beverly Hills,Beverly Hills,2197.0,1820.0,1600.0,1740,1860,1840,2060,8260,115025,0.091,2.26,4.8,64.3,42.6,0.719,0.034,0.002,0.217,0.083,0.0875,0.06896551724137931,-0.010752688172043012,0.11956521739130435,0.06631951161516017
65,90212,Beverly Hills,Beverly Hills,2454.0,2016.0,1740.0,1920,2050,2080,2290,11451,101963,0.111,2.26,4.8,64.3,47.1,0.814,0.033,0.013,0.178,0.084,0.10344827586206896,0.06770833333333333,0.014634146341463415,0.10096153846153846,0.07168807349960105
66,90220,Rancho Dominguez,Compton,1322.0,1146.0,1000.0,1080,1160,1240,1250,50412,69901,0.079,3.83,11.1,64.9,34.4,0.357,0.304,0.016,0.012,0.66,0.08,0.07407407407407407,0.06896551724137931,0.008064516129032258,0.05777602686112141
67,90221,East Rancho Dominguez,Compton,1326.0,1142.0,990.0,1070,1160,1240,1250,52561,64439,0.077,3.83,11.1,64.9,32.7,0.459,0.196,0.016,0.011,0.785,0.08080808080808081,0.08411214953271028,0.06896551724137931,0.008064516129032258,0.06048756592780066
68,90222,Willowbrook,Compton,1432.0,1196.0,1030.0,1140,1230,1240,1340,32397,68722,0.095,3.83,11.1,64.9,31.1,0.387,0.248,0.004,0.015,0.731,0.10679611650485436,0.07894736842105263,0.008130081300813009,0.08064516129032258,0.06862968187926063
69,90230,Culver City,Culver City,2127.0,1726.0,1490.0,1650,1740,1770,1980,32743,107870,0.049,2.26,7.2,64.3,40.8,0.686,0.113,0.008,0.196,0.301,0.10738255033557047,0.05454545454545454,0.017241379310344827,0.11864406779661017,0.07445336299699501
70,90232,Culver City,Culver City,2193.0,1796.0,1570.0,1700,1820,1840,2050,16452,113278,0.052,2.26,7.2,64.3,37.3,0.699,0.058,0.013,0.255,0.206,0.08280254777070063,0.07058823529411765,0.01098901098901099,0.11413043478260869,0.06962755720910949
71,90240,Downey,Downey,1727.0,1446.0,1260.0,1400,1480,1470,1620,26495,99874,0.047,3.22,4.5,65.4,38.7,0.547,0.047,0.022,0.101,0.708,0.1111111111111111,0.05714285714285714,-0.006756756756756757,0.10204081632653061,0.06588450695593552
72,90241,Downey,Downey,1610.0,1338.0,1170.0,1280,1360,1370,1510,44921,81220,0.07,3.22,4.5,65.4,35.6,0.573,0.038,0.021,0.085,0.749,0.09401709401709402,0.0625,0.007352941176470588,0.10218978102189781,0.06651495405386561
73,90242,Downey,Downey,1644.0,1360.0,1190.0,1300,1380,1390,1540,42939,81448,0.047,3.22,4.5,65.4,36.2,0.514,0.05,0.039,0.075,0.76,0.09243697478991597,0.06153846153846154,0.007246376811594203,0.1079136690647482,0.06728387055117999
74,90245,El Segundo,El Segundo,2154.0,1754.0,1530.0,1670,1770,1790,2010,17272,142596,0.054,2.41,6.9,63.0,36.4,0.821,0.074,0.023,0.149,0.188,0.0915032679738562,0.059880239520958084,0.011299435028248588,0.12290502793296089,0.07139699261400594
75,90247,Gardena,Gardena,1465.0,1232.0,1090.0,1180,1250,1260,1380,48543,70012,0.049,2.87,6.3,63.0,38.0,0.289,0.187,0.021,0.271,0.491,0.08256880733944955,0.059322033898305086,0.008,0.09523809523809523,0.06128223411896247
76,90248,Gardena,Gardena,1339.0,1196.0,1070.0,1170,1220,1240,1280,11295,75865,0.049,2.87,6.3,63.0,45.5,0.244,0.218,0.043,0.379,0.337,0.09345794392523364,0.042735042735042736,0.01639344262295082,0.03225806451612903,0.046211123449839055
77,90249,Gardena,Gardena,1389.0,1172.0,1000.0,1120,1200,1240,1300,27125,83125,0.039,2.87,6.3,63.0,40.3,0.374,0.274,0.039,0.168,0.438,0.12,0.07142857142857142,0.03333333333333333,0.04838709677419355,0.06828725038402457
78,90250,Hawthorne ,Hawthorne,1478.0,1242.0,1090.0,1200,1260,1270,1390,97653,74616,0.072,2.94,7.3,62.1,33.7,0.452,0.262,0.031,0.092,0.537,0.10091743119266056,0.05,0.007936507936507936,0.09448818897637795,0.06333553202638662
79,90254,Hermosa Beach,Hermosa Beach,2468.0,2018.0,1740.0,1920,2050,2080,2300,19736,149500,0.049,2.2,2.9,64.9,40.2,0.891,0.014,0.009,0.129,0.114,0.10344827586206896,0.06770833333333333,0.014634146341463415,0.10576923076923077,0.07288999657652412
80,90255,Walnut Park,Huntington Park,1335.0,1150.0,1000.0,1090,1160,1240,1260,71157,57013,0.1,3.7,7.7,67.2,33.9,0.55,0.009,0.03,0.008,0.973,0.09,0.06422018348623854,0.06896551724137931,0.016129032258064516,0.059828683246420586
81,90260,Lawndale,Lawndale,1624.0,1362.0,1210.0,1310,1380,1380,1530,33338,80205,0.081,3.24,4.3,63.6,36.3,0.584,0.078,0.028,0.141,0.629,0.08264462809917356,0.05343511450381679,0.0,0.10869565217391304,0.06119384869422585
82,90262,Lynwood,Lynwood,1362.0,1154.0,1000.0,1090,1160,1240,1280,67099,67620,0.097,4.17,24.3,62.1,32.3,0.515,0.09,0.023,0.011,0.879,0.09,0.06422018348623854,0.06896551724137931,0.03225806451612903,0.06386094131093673
83,90265,Malibu,Malibu,2468.0,2018.0,1740.0,1920,2050,2080,2300,15186,186264,0.061,2.4,5.5,61.3,49.7,0.882,0.016,0.03,0.089,0.109,0.10344827586206896,0.06770833333333333,0.014634146341463415,0.10576923076923077,0.07288999657652412
84,90266,Manhattan Beach,Manhattan Beach,2468.0,2018.0,1740.0,1920,2050,2080,2300,35506,187217,0.038,2.6,1.9,63.6,43.4,0.827,0.006,0.013,0.189,0.08,0.10344827586206896,0.06770833333333333,0.014634146341463415,0.10576923076923077,0.07288999657652412
85,90270,Maywood,Bell,1316.0,1152.0,1020.0,1090,1160,1240,1250,25113,57741,0.056,3.66,6.0,63.0,31.8,0.546,0.01,0.026,0.013,0.976,0.06862745098039216,0.06422018348623854,0.06896551724137931,0.008064516129032258,0.052469416959260565
86,90272,Pacific Palisades,Los Angeles ,2468.0,2018.0,1740.0,1920,2050,2080,2300,22849,225256,0.037,2.61,27.1,65.2,46.7,0.907,0.032,0.005,0.117,0.045,0.10344827586206896,0.06770833333333333,0.014634146341463415,0.10576923076923077,0.07288999657652412
87,90274,Rolling Hills,Palos Verdes Estates,2468.0,2018.0,1740.0,1920,2050,2080,2300,25307,206013,0.055,2.57,0.3,63.6,51.6,0.714,0.041,0.007,0.277,0.058,0.10344827586206896,0.06770833333333333,0.014634146341463415,0.10576923076923077,0.07288999657652412
88,90275,Rolling Hills,Rancho Palos Verdes,2468.0,2018.0,1740.0,1920,2050,2080,2300,42452,166602,0.05,2.69,1.3,63.6,49.8,0.6,0.031,0.011,0.378,0.109,0.10344827586206896,0.06770833333333333,0.014634146341463415,0.10576923076923077,0.07288999657652412
89,90277,Redondo Beach,Redondo Beach,2225.0,1886.0,1670.0,1820,1920,1920,2100,37856,120008,0.053,2.45,4.1,63.6,44.5,0.788,0.043,0.02,0.18,0.148,0.08982035928143713,0.054945054945054944,0.0,0.09375,0.05962885355662302
90,90278,Redondo Beach,Redondo Beach,2084.0,1700.0,1460.0,1610,1720,1770,1940,42188,143785,0.052,2.45,4.1,63.6,38.3,0.716,0.052,0.018,0.255,0.157,0.10273972602739725,0.06832298136645963,0.029069767441860465,0.096045197740113,0.07404441814395758
91,90280,South Gate,South Gate,1368.0,1168.0,1020.0,1110,1180,1240,1290,92678,67287,0.078,3.86,5.3,67.2,33.7,0.553,0.02,0.025,0.009,0.952,0.08823529411764706,0.06306306306306306,0.05084745762711865,0.04032258064516129,0.06061709886324751
92,90291,Venice,Los Angeles,2468.0,2018.0,1740.0,1920,2050,2080,2300,28442,111610,0.071,1.85,27.1,61.3,39.6,0.818,0.077,0.025,0.073,0.171,0.10344827586206896,0.06770833333333333,0.014634146341463415,0.10576923076923077,0.07288999657652412
93,90292,Marina del Rey,Los Angeles,2468.0,2018.0,1740.0,1920,2050,2080,2300,27681,136854,0.057,1.83,27.1,65.8,39.2,0.812,0.084,0.017,0.155,0.106,0.10344827586206896,0.06770833333333333,0.014634146341463415,0.10576923076923077,0.07288999657652412
94,90293,Playa del Rey,Los Angeles,2483.0,1972.0,1660.0,1850,1990,2070,2290,12633,124688,0.076,1.94,27.1,65.8,41.4,0.809,0.043,0.011,0.133,0.169,0.1144578313253012,0.07567567567567568,0.04020100502512563,0.10628019323671498,0.08415367631570436
95,90301,Inglewood,Inglewood,1518.0,1252.0,1090.0,1190,1270,1290,1420,36270,61910,0.083,2.91,6.4,64.9,37.6,0.317,0.336,0.036,0.041,0.572,0.09174311926605505,0.06722689075630252,0.015748031496062992,0.10077519379844961,0.06887330882921754
96,90302,Inglewood,Inglewood,1638.0,1322.0,1130.0,1250,1340,1370,1520,29264,68662,0.085,2.91,6.4,64.9,36.4,0.305,0.474,0.039,0.046,0.438,0.10619469026548672,0.072,0.022388059701492536,0.10948905109489052,0.07751795026546746
97,90303,Inglewood,Inglewood,1509.0,1214.0,1040.0,1140,1230,1260,1400,24490,67598,0.084,2.91,6.4,64.9,34.8,0.325,0.328,0.019,0.029,0.61,0.09615384615384616,0.07894736842105263,0.024390243902439025,0.1111111111111111,0.07765064239711222
98,90304,Inglewood,Inglewood,1332.0,1154.0,1010.0,1100,1160,1240,1260,26058,57647,0.059,2.91,6.4,64.9,33.6,0.474,0.051,0.037,0.058,0.855,0.0891089108910891,0.05454545454545454,0.06896551724137931,0.016129032258064516,0.05718722873399687
99,90305,Inglewood,Inglewood,1770.0,1374.0,1140.0,1280,1390,1440,1620,15367,85466,0.081,2.91,6.4,64.9,47.1,0.131,0.785,0.014,0.019,0.146,0.12280701754385964,0.0859375,0.03597122302158273,0.125,0.0924289351413606
100,90401,Santa Monica,Santa Monica,2418.0,1886.0,1550.0,1790,1920,1960,2210,8167,89892,0.11,1.95,8.3,62.8,39.8,0.808,0.105,0.009,0.111,0.074,0.15483870967741936,0.07262569832402235,0.020833333333333332,0.12755102040816327,0.09396219043573459
101,90402,Santa Monica,Santa Monica,2108.0,1880.0,1710.0,1850,1940,1880,2020,12295,171844,0.03,1.95,8.3,62.8,49.1,0.889,0.015,0.008,0.143,0.117,0.08187134502923976,0.04864864864864865,-0.030927835051546393,0.07446808510638298,0.04351506093318125
102,90403,Santa Monica,Santa Monica,2424.0,1994.0,1710.0,1870,2050,2080,2260,25278,123391,0.052,1.95,8.3,62.8,44.5,0.84,0.036,0.011,0.125,0.119,0.0935672514619883,0.0962566844919786,0.014634146341463415,0.08653846153846154,0.07274913595847296
103,90404,Santa Monica,Santa Monica,1706.0,1460.0,1320.0,1420,1470,1470,1620,21995,87209,0.056,1.95,8.3,62.8,38.6,0.692,0.119,0.023,0.158,0.282,0.07575757575757576,0.035211267605633804,0.0,0.10204081632653061,0.05325241492243504
104,90405,Santa Monica,Santa Monica,1915.0,1666.0,1490.0,1640,1690,1690,1820,27966,101713,0.071,1.95,8.3,62.8,41.3,0.835,0.065,0.024,0.13,0.162,0.10067114093959731,0.03048780487804878,0.0,0.07692307692307693,0.052020505685180754
105,90501,Torrance,Torrance,1640.0,1370.0,1200.0,1310,1390,1410,1540,43990,89926,0.068,2.58,2.6,63.0,38.5,0.427,0.072,0.011,0.306,0.429,0.09166666666666666,0.061068702290076333,0.014388489208633094,0.09219858156028368,0.06483060993141494
106,90502,Torrance,Torrance,1641.0,1408.0,1240.0,1360,1460,1430,1550,18977,95528,0.055,2.58,2.6,63.0,42.2,0.319,0.084,0.025,0.427,0.348,0.0967741935483871,0.07352941176470588,-0.02054794520547945,0.08391608391608392,0.05841793600592436
107,90503,Torrance,Torrance,2000.0,1684.0,1470.0,1620,1720,1730,1880,45386,117364,0.047,2.58,2.6,63.0,41.1,0.479,0.052,0.011,0.454,0.156,0.10204081632653061,0.06172839506172839,0.005813953488372093,0.08670520231213873,0.06407209179719246
108,90504,Torrance,Torrance,1656.0,1418.0,1270.0,1370,1440,1440,1570,32503,101773,0.064,2.58,2.6,63.0,42.9,0.424,0.052,0.012,0.466,0.245,0.07874015748031496,0.051094890510948905,0.0,0.09027777777777778,0.055028206442260405
109,90505,Torrance,Torrance,1911.0,1664.0,1500.0,1620,1700,1680,1820,36643,108857,0.043,2.58,2.6,63.0,44.0,0.527,0.042,0.015,0.427,0.144,0.08,0.04938271604938271,-0.011764705882352941,0.08333333333333333,0.05023783587509078
110,90601,Whittier,Whittier,1551.0,1354.0,1230.0,1330,1370,1360,1480,32625,96209,0.064,3.08,2.8,64.4,39.7,0.518,0.013,0.047,0.078,0.698,0.08130081300813008,0.03007518796992481,-0.0072992700729927005,0.08823529411764706,0.04807800625567731
111,90602,Whittier,Whittier,1504.0,1280.0,1130.0,1240,1300,1310,1420,25521,63956,0.056,3.08,2.8,64.4,34.2,0.444,0.028,0.03,0.037,0.751,0.09734513274336283,0.04838709677419355,0.007692307692307693,0.08396946564885496,0.05934850071467976
112,90603,Whittier,Whittier,2037.0,1754.0,1560.0,1700,1810,1770,1930,21174,117324,0.051,3.08,2.8,64.4,40.9,0.666,0.011,0.026,0.072,0.589,0.08974358974358974,0.06470588235294118,-0.022099447513812154,0.0903954802259887,0.05568637620217687
113,90604,East La Mirada,Whittier,1664.0,1368.0,1170.0,1300,1400,1420,1550,40110,95570,0.036,3.08,2.8,64.4,35.5,0.52,0.017,0.02,0.087,0.691,0.1111111111111111,0.07692307692307693,0.014285714285714285,0.09154929577464789,0.07346729952363755
114,90605,South Whittier,Whittier,1679.0,1350.0,1130.0,1260,1400,1410,1550,40189,94200,0.054,3.08,2.8,64.4,36.0,0.471,0.013,0.028,0.075,0.764,0.11504424778761062,0.1111111111111111,0.007142857142857143,0.09929078014184398,0.08314724904585571
115,90606,Los Nietos,Whittier,1660.0,1374.0,1180.0,1310,1400,1430,1550,32078,86596,0.043,3.08,2.8,64.4,37.5,0.415,0.018,0.026,0.043,0.861,0.11016949152542373,0.06870229007633588,0.02142857142857143,0.08391608391608392,0.07105410923660374
116,90631,La Habra Heights,La Habra Heights,1775.0,1450.0,1270.0,1360,1440,1520,1660,69533,98009,0.067,2.89,0.5,64.9,38.6,0.612,0.031,0.021,0.146,0.566,0.07086614173228346,0.058823529411764705,0.05555555555555555,0.09210526315789473,0.06933762246437461
117,90638,La Mirada,La Mirada,1872.0,1660.0,1500.0,1640,1700,1670,1790,46967,104114,0.048,3.05,1.0,64.9,43.0,0.546,0.026,0.018,0.247,0.468,0.09333333333333334,0.036585365853658534,-0.01764705882352941,0.0718562874251497,0.046031981947153036
118,90640,Montebello,Montebello,1481.0,1232.0,1080.0,1180,1250,1260,1390,62678,72163,0.068,3.2,5.3,64.4,38.1,0.443,0.01,0.043,0.148,0.781,0.09259259259259259,0.059322033898305086,0.008,0.10317460317460317,0.06577230741637521
119,90650,Pico Rivera,Pico Rivera,1587.0,1350.0,1200.0,1310,1370,1370,1500,102891,82539,0.056,3.66,4.8,64.4,35.6,0.389,0.053,0.03,0.149,0.694,0.09166666666666666,0.04580152671755725,0.0,0.0948905109489051,0.058089676083282256
120,90670,Santa Fe Springs,Santa Fe Springs,1624.0,1368.0,1210.0,1310,1400,1390,1530,17761,83259,0.037,3.26,6.7,64.4,38.6,0.457,0.039,0.038,0.1,0.738,0.08264462809917356,0.06870229007633588,-0.007142857142857143,0.10071942446043165,0.06123087137327099
121,90701,Artesia,Artesia,1840.0,1478.0,1280.0,1390,1490,1520,1710,16434,92702,0.091,3.49,5.4,67.2,39.1,0.283,0.042,0.024,0.429,0.353,0.0859375,0.07194244604316546,0.020134228187919462,0.125,0.07575354355777122
122,90703,Cerritos,Cerritos,2468.0,2018.0,1740.0,1920,2050,2080,2300,49735,124240,0.054,3.09,2.9,63.0,46.6,0.225,0.097,0.009,0.655,0.141,0.10344827586206896,0.06770833333333333,0.014634146341463415,0.10576923076923077,0.07288999657652412
123,90706,Bellflower,Bellflower,1544.0,1300.0,1130.0,1250,1330,1340,1450,79179,75379,0.084,3.22,5.7,63.0,35.5,0.385,0.136,0.029,0.128,0.601,0.10619469026548672,0.064,0.007518796992481203,0.08208955223880597,0.06495075987419348
124,90710,Harbor City,Los Angeles,1378.0,1174.0,1030.0,1110,1190,1240,1300,26605,75114,0.078,2.95,27.1,65.8,39.6,0.481,0.165,0.047,0.238,0.456,0.07766990291262135,0.07207207207207207,0.04201680672268908,0.04838709677419355,0.06003646962039402
125,90712,Lakewood,Lakewood,2251.0,1710.0,1380.0,1570,1740,1820,2040,32332,119143,0.052,3.08,9.8,64.9,37.8,0.54,0.139,0.015,0.213,0.355,0.13768115942028986,0.10828025477707007,0.04597701149425287,0.12087912087912088,0.10320438664268342
126,90713,Lakewood,Lakewood,2147.0,1882.0,1710.0,1840,1920,1890,2050,28755,123809,0.056,3.08,9.8,64.9,39.6,0.689,0.06,0.024,0.184,0.303,0.07602339181286549,0.043478260869565216,-0.015625,0.08465608465608465,0.04713318433462884
127,90715,Lakewood,Lakewood,1851.0,1492.0,1250.0,1400,1540,1560,1710,20999,89113,0.065,3.08,9.8,64.9,36.7,0.361,0.113,0.029,0.283,0.431,0.12,0.1,0.012987012987012988,0.09615384615384616,0.08228521478521479
128,90716,Hawaiian Gardens,Hawaiian Gardens,1584.0,1302.0,1130.0,1240,1320,1340,1480,14098,73784,0.049,3.79,5.8,65.4,32.5,0.369,0.033,0.041,0.131,0.773,0.09734513274336283,0.06451612903225806,0.015151515151515152,0.1044776119402985,0.07037259721685862
129,90723,Paramount,Paramount,1545.0,1276.0,1090.0,1220,1310,1320,1440,53770,67130,0.053,3.68,5.9,63.6,31.9,0.4,0.104,0.026,0.044,0.813,0.11926605504587157,0.07377049180327869,0.007633587786259542,0.09090909090909091,0.07289480638612518
130,90731,San Pedro,Los Angeles,1605.0,1300.0,1110.0,1230,1320,1350,1490,61270,69019,0.066,2.62,27.1,65.8,38.1,0.675,0.075,0.041,0.084,0.577,0.10810810810810811,0.07317073170731707,0.022727272727272728,0.1037037037037037,0.07692745406160041
131,90732,San Pedro,Los Angeles,2336.0,1908.0,1620.0,1810,1960,1980,2170,21397,115120,0.059,2.46,27.1,65.8,45.6,0.768,0.06,0.021,0.142,0.32,0.11728395061728394,0.08287292817679558,0.01020408163265306,0.09595959595959595,0.07658013909658214
132,90740,Long Beach ,Long Beach ,2392.0,1875.0,1250.0,1710,1830,1870,2090,24769,75007,0.043,2.65,5.3,64.9,60.8,0.816,0.023,0.021,0.15,0.125,0.368,0.07017543859649122,0.02185792349726776,0.11764705882352941,0.1444201052293221
133,90744,Wilmington,Los Angeles ,1316.0,1156.0,1020.0,1110,1160,1240,1250,53074,58869,0.069,3.62,27.1,65.2,32.1,0.684,0.043,0.017,0.043,0.884,0.08823529411764706,0.04504504504504504,0.06896551724137931,0.008064516129032258,0.05257759313327592
134,90745,Carson,Carson,1668.0,1346.0,1160.0,1280,1360,1380,1550,59937,103471,0.06,3.56,4.7,63.0,40.5,0.364,0.082,0.022,0.386,0.46,0.10344827586206896,0.0625,0.014705882352941176,0.12318840579710146,0.07596064100302789
135,90746,Carson,Carson,1990.0,1678.0,1500.0,1600,1700,1710,1880,27147,109596,0.085,3.56,4.7,63.0,43.6,0.163,0.662,0.021,0.115,0.202,0.06666666666666667,0.0625,0.0058823529411764705,0.09941520467836257,0.058616056071551424
136,90802,Long Beach,Long Beach,1750.0,1418.0,1230.0,1350,1420,1460,1630,41686,69613,0.078,2.65,5.3,64.9,35.3,0.593,0.169,0.029,0.102,0.384,0.0975609756097561,0.05185185185185185,0.028169014084507043,0.11643835616438356,0.07350504942762463
137,90803,Belmont Shore,Long Beach,2180.0,1782.0,1530.0,1690,1820,1840,2030,32192,107889,0.048,2.65,5.3,64.9,46.6,0.835,0.05,0.024,0.088,0.183,0.10457516339869281,0.07692307692307693,0.01098901098901099,0.10326086956521739,0.07393703021899953
138,90804,East Long Beach,Long Beach ,1544.0,1264.0,1090.0,1200,1280,1310,1440,39370,64160,0.048,2.65,5.3,64.9,34.0,0.557,0.149,0.019,0.16,0.454,0.10091743119266056,0.06666666666666667,0.0234375,0.09923664122137404,0.07256455977017531
139,90805,North Long Beach,Long Beach,1418.0,1186.0,1030.0,1130,1200,1240,1330,95350,64848,0.076,2.65,5.3,64.9,32.5,0.309,0.207,0.031,0.124,0.599,0.0970873786407767,0.061946902654867256,0.03333333333333333,0.07258064516129033,0.0662370649475669
140,90806,Long Beach,Long Beach,1411.0,1196.0,1050.0,1140,1220,1240,1330,41611,67632,0.087,2.65,5.3,64.9,35.0,0.492,0.187,0.022,0.19,0.523,0.08571428571428572,0.07017543859649122,0.01639344262295082,0.07258064516129033,0.061215953023754516
141,90807,Bixby Knolls,Long Beach,1720.0,1426.0,1240.0,1370,1450,1460,1610,32412,89319,0.053,2.65,5.3,64.9,41.6,0.549,0.159,0.019,0.2,0.282,0.10483870967741936,0.058394160583941604,0.006896551724137931,0.10273972602739725,0.06821728700322405
142,90808,Long Beach,Long Beach,2104.0,1650.0,1370.0,1540,1690,1720,1930,39747,131535,0.046,2.65,5.3,64.9,43.3,0.762,0.058,0.023,0.166,0.257,0.12408759124087591,0.09740259740259741,0.01775147928994083,0.12209302325581395,0.09033367279730703
143,90810,Carson,Carson,1326.0,1152.0,990.0,1110,1170,1240,1250,38529,75152,0.08,3.56,4.7,63.0,36.4,0.417,0.111,0.023,0.258,0.564,0.12121212121212122,0.05405405405405406,0.05982905982905983,0.008064516129032258,0.06078993780606684
144,90813,Long Beach,Long Beach,1358.0,1156.0,1010.0,1090,1160,1240,1280,54565,48535,0.087,2.65,5.3,64.9,31.7,0.42,0.123,0.027,0.129,0.661,0.07920792079207921,0.06422018348623854,0.06896551724137931,0.03225806451612903,0.061162921508956525
145,90814,Long Beach,Long Beach,1790.0,1438.0,1230.0,1350,1460,1490,1660,19042,89776,0.038,2.65,5.3,64.9,36.2,0.774,0.093,0.024,0.09,0.309,0.0975609756097561,0.08148148148148149,0.02054794520547945,0.11409395973154363,0.07842109050706517
146,90815,Long Beach,Long Beach,1991.0,1638.0,1420.0,1550,1670,1690,1860,41837,110565,0.054,2.65,5.3,64.9,36.9,0.741,0.099,0.022,0.139,0.255,0.09154929577464789,0.07741935483870968,0.011976047904191617,0.10059171597633136,0.07038410362347014
147,91006,Arcadia,Arcadia,1882.0,1638.0,1430.0,1590,1700,1690,1780,31949,123358,0.043,2.85,2.5,67.2,45.2,0.357,0.025,0.016,0.573,0.195,0.11188811188811189,0.06918238993710692,-0.0058823529411764705,0.05325443786982249,0.0571106466884662
148,91007,Arcadia,Arcadia,1723.0,1436.0,1270.0,1380,1450,1460,1620,33804,93128,0.058,2.85,2.5,67.2,44.7,0.368,0.025,0.01,0.582,0.173,0.08661417322834646,0.050724637681159424,0.006896551724137931,0.1095890410958904,0.06345610093238356
149,91008,Bradbury,Bradbury,1748.0,1414.0,1200.0,1300,1480,1470,1620,1010,139167,0.077,2.77,0.0,64.4,53.3,0.617,0.0,0.0,0.391,0.165,0.08333333333333333,0.13846153846153847,-0.006756756756756757,0.10204081632653061,0.07926973284116141
150,91010,Azusa,Azusa,1753.0,1480.0,1300.0,1440,1510,1500,1650,26730,95172,0.061,3.25,2.8,64.4,43.2,0.512,0.064,0.051,0.182,0.556,0.1076923076923077,0.04861111111111111,-0.006622516556291391,0.1,0.06242022556178185
151,91011,La Cañada Flintridge,La Cañada Flintridge,2468.0,2018.0,1740.0,1920,2050,2080,2300,20588,210532,0.045,3.15,1.2,65.4,45.1,0.658,0.014,0.011,0.352,0.098,0.10344827586206896,0.06770833333333333,0.014634146341463415,0.10576923076923077,0.07288999657652412
152,91016,Monrovia,Monrovia,1660.0,1406.0,1260.0,1350,1420,1430,1570,41852,95606,0.055,2.62,2.8,65.4,38.5,0.625,0.068,0.024,0.184,0.456,0.07142857142857142,0.05185185185185185,0.007042253521126761,0.0979020979020979,0.057056193675911984
153,91020,Montrose,La Cañada Flintridge,1864.0,1478.0,1250.0,1380,1500,1540,1720,8439,61771,0.084,3.15,1.2,65.4,41.5,0.666,0.015,0.012,0.344,0.126,0.104,0.08695652173913043,0.02666666666666667,0.11688311688311688,0.08362657632222849
154,91030,South Pasadena,South Pasadena,1989.0,1596.0,1350.0,1500,1620,1670,1840,26927,127882,0.052,2.57,1.8,66.0,40.6,0.559,0.046,0.015,0.391,0.182,0.1111111111111111,0.08,0.030864197530864196,0.10179640718562874,0.08094292895690101
155,91040,Sunland,Los Angeles,1568.0,1378.0,1180.0,1340,1440,1450,1480,21588,103823,0.083,2.77,27.1,65.2,43.6,0.814,0.038,0.032,0.118,0.223,0.13559322033898305,0.07462686567164178,0.006944444444444444,0.020689655172413793,0.059463546406870765
156,91042,Tujunga,Los Angeles,1574.0,1306.0,1120.0,1240,1340,1360,1470,28036,81324,0.087,2.68,27.1,65.2,45.1,0.777,0.029,0.033,0.114,0.264,0.10714285714285714,0.08064516129032258,0.014925373134328358,0.08088235294117647,0.07089893612717113
157,91101,Pasadena,Pasadena,2239.0,1768.0,1480.0,1650,1800,1850,2060,20583,86631,0.041,2.37,3.7,66.0,37.0,0.543,0.073,0.016,0.293,0.297,0.11486486486486487,0.09090909090909091,0.027777777777777776,0.11351351351351352,0.08676631176631178
158,91103,Pasadena,Pasadena,1485.0,1284.0,1150.0,1240,1320,1300,1410,26887,78513,0.059,2.37,3.7,66.0,40.0,0.4,0.171,0.02,0.148,0.486,0.0782608695652174,0.06451612903225806,-0.015151515151515152,0.08461538461538462,0.05306021701533623
159,91104,Pasadena,Pasadena,1767.0,1416.0,1220.0,1330,1420,1470,1640,34707,93856,0.048,2.37,3.7,66.0,41.2,0.592,0.097,0.02,0.153,0.389,0.09016393442622951,0.06766917293233082,0.035211267605633804,0.11564625850340136,0.07717265836689888
160,91105,Pasadena,Pasadena,2468.0,2018.0,1740.0,1920,2050,2080,2300,13869,163253,0.047,2.37,3.7,66.0,47.0,0.746,0.042,0.015,0.232,0.165,0.10344827586206896,0.06770833333333333,0.014634146341463415,0.10576923076923077,0.07288999657652412
161,91106,Pasadena,Pasadena,1931.0,1632.0,1440.0,1560,1670,1670,1820,24172,91220,0.063,2.37,3.7,66.0,36.6,0.548,0.093,0.018,0.24,0.308,0.08333333333333333,0.07051282051282051,0.0,0.08982035928143713,0.06091662828189774
162,91107,Pasadena,Pasadena,1923.0,1556.0,1310.0,1460,1600,1630,1780,33729,120822,0.035,2.37,3.7,66.0,42.8,0.581,0.059,0.019,0.278,0.286,0.11450381679389313,0.0958904109589041,0.01875,0.09202453987730061,0.08029219190752446
163,91108,San Marino,San Marino,1813.0,1546.0,1440.0,1430,1550,1580,1730,12777,173312,0.044,3.14,0.3,63.6,45.8,0.291,0.008,0.005,0.712,0.064,-0.006944444444444444,0.08391608391608392,0.01935483870967742,0.0949367088607595,0.0478157967605191
164,91201,Glendale,Glendale,1841.0,1540.0,1350.0,1460,1560,1600,1730,22608,67102,0.107,2.63,1.5,65.2,40.9,0.833,0.035,0.013,0.08,0.199,0.08148148148148149,0.0684931506849315,0.02564102564102564,0.08125,0.06421641445185966
165,91202,Glendale,Glendale,1911.0,1582.0,1380.0,1500,1610,1630,1790,22875,90232,0.073,2.63,1.5,65.2,43.7,0.806,0.028,0.009,0.132,0.136,0.08695652173913043,0.07333333333333333,0.012422360248447204,0.09815950920245399,0.06771793113084124
166,91203,Glendale,Glendale,1883.0,1514.0,1270.0,1430,1540,1590,1740,16930,70650,0.094,2.63,1.5,65.2,36.8,0.689,0.049,0.005,0.174,0.191,0.12598425196850394,0.07692307692307693,0.032467532467532464,0.09433962264150944,0.08242862100015569
167,91204,Tropico,Glendale,1859.0,1526.0,1300.0,1450,1560,1590,1730,17302,69102,0.078,2.63,1.5,65.2,37.5,0.642,0.027,0.013,0.164,0.347,0.11538461538461539,0.07586206896551724,0.019230769230769232,0.0880503144654088,0.07463194201157766
168,91205,Tropico,Glendale,1829.0,1480.0,1270.0,1390,1500,1540,1700,36693,58290,0.079,2.63,1.5,65.2,39.9,0.71,0.023,0.009,0.137,0.261,0.09448818897637795,0.07913669064748201,0.02666666666666667,0.1038961038961039,0.07604691254665763
169,91206,Glendale,Glendale,1977.0,1568.0,1310.0,1460,1600,1650,1820,33252,85651,0.086,2.63,1.5,65.2,43.2,0.782,0.025,0.01,0.162,0.144,0.11450381679389313,0.0958904109589041,0.03125,0.10303030303030303,0.08616863269577507
170,91207,Glendale,Glendale,1923.0,1564.0,1350.0,1480,1600,1600,1790,10369,106984,0.042,2.63,1.5,65.2,43.3,0.884,0.032,0.015,0.115,0.066,0.0962962962962963,0.08108108108108109,0.0,0.11875,0.07403184434434434
171,91208,Glendale,Glendale,2108.0,1710.0,1430.0,1600,1760,1810,1950,16776,112485,0.107,2.63,1.5,65.2,48.0,0.815,0.044,0.034,0.193,0.145,0.11888111888111888,0.1,0.028409090909090908,0.07734806629834254,0.08115956902213808
172,91210,Glendale,Glendale,2468.0,2018.0,1740.0,1920,2050,2080,2300,555,105536,0.073,2.63,1.5,65.2,48.0,0.865,0.0,0.0,0.135,0.229,0.10344827586206896,0.06770833333333333,0.014634146341463415,0.10576923076923077,0.07288999657652412
173,91214,La Crescenta,La Crescenta,2113.0,1748.0,1530.0,1670,1770,1790,1980,31097,126175,0.058,2.77,1.2,65.4,41.1,0.655,0.014,0.008,0.303,0.161,0.0915032679738562,0.059880239520958084,0.011299435028248588,0.10614525139664804,0.06720704847992773
174,91301,Agoura Hills,Agoura Hills,2468.0,2018.0,1740.0,1920,2050,2080,2300,24790,157582,0.053,2.82,1.6,66.3,44.4,0.829,0.027,0.011,0.106,0.161,0.10344827586206896,0.06770833333333333,0.014634146341463415,0.10576923076923077,0.07288999657652412
175,91302,Hidden Hills,Calabasas,2468.0,2018.0,1740.0,1920,2050,2080,2300,25468,172651,0.093,2.62,1.4,66.3,43.7,0.845,0.045,0.009,0.127,0.07,0.10344827586206896,0.06770833333333333,0.014634146341463415,0.10576923076923077,0.07288999657652412
176,91303,Canoga Park,Los Angeles,1753.0,1442.0,1260.0,1370,1460,1480,1640,28457,77437,0.071,2.97,27.1,65.8,32.3,0.466,0.049,0.026,0.118,0.592,0.0873015873015873,0.06569343065693431,0.0136986301369863,0.10810810810810811,0.068700439050904
177,91304,Canoga Park,Los Angeles,1713.0,1414.0,1220.0,1350,1440,1460,1600,52386,79673,0.075,2.92,27.1,65.8,40.3,0.512,0.061,0.016,0.188,0.429,0.10655737704918032,0.06666666666666667,0.013888888888888888,0.0958904109589041,0.07075083589091
178,91306,Winnetka,Los Angeles,1594.0,1316.0,1140.0,1240,1340,1370,1490,46669,82380,0.081,3.39,27.1,65.2,37.3,0.433,0.047,0.022,0.209,0.496,0.08771929824561403,0.08064516129032258,0.022388059701492536,0.08759124087591241,0.06958594002833539
179,91307,Bell Canyon,Los Angeles,2494.0,2022.0,1740.0,1910,2040,2100,2320,24855,130877,0.105,2.93,27.1,65.8,44.7,0.699,0.063,0.013,0.211,0.154,0.09770114942528736,0.06806282722513089,0.029411764705882353,0.10476190476190476,0.07498441152955135
180,91311,Chatsworth,Los Angeles,1991.0,1688.0,1460.0,1630,1730,1750,1870,39014,112172,0.054,2.76,27.1,65.8,42.8,0.635,0.085,0.024,0.211,0.28,0.11643835616438356,0.06134969325153374,0.011560693641618497,0.06857142857142857,0.06448004290724109
181,91316,Encino,Los Angeles,1967.0,1668.0,1490.0,1610,1690,1690,1860,28777,85354,0.08,2.25,27.1,65.8,45.0,0.854,0.044,0.011,0.108,0.15,0.08053691275167785,0.049689440993788817,0.0,0.10059171597633136,0.057704517430449506
182,91321,Newhall,Santa Clarita,1729.0,1432.0,1250.0,1370,1450,1470,1620,33560,84503,0.044,3.05,1.6,65.6,33.9,0.711,0.032,0.022,0.101,0.538,0.096,0.058394160583941604,0.013793103448275862,0.10204081632653061,0.06755702008968703
183,91324,Northridge,Los Angeles,1819.0,1524.0,1340.0,1460,1550,1560,1710,29500,100086,0.068,2.9,27.1,66.6,37.6,0.46,0.076,0.025,0.228,0.386,0.08955223880597014,0.06164383561643835,0.0064516129032258064,0.09615384615384616,0.06345038336987012
184,91325,Northridge,Los Angeles,1782.0,1478.0,1290.0,1410,1500,1520,1670,35250,83853,0.055,2.74,27.1,66.6,39.2,0.518,0.071,0.016,0.177,0.381,0.09302325581395349,0.06382978723404255,0.013333333333333334,0.09868421052631579,0.06721764672691129
185,91326,Northridge,Los Angeles,2140.0,1864.0,1690.0,1820,1910,1860,2040,38041,142170,0.039,2.86,27.1,66.6,44.1,0.531,0.095,0.014,0.356,0.134,0.07692307692307693,0.04945054945054945,-0.02617801047120419,0.0967741935483871,0.04924245236270232
186,91331,Arleta,Los Angeles,1452.0,1272.0,1130.0,1240,1310,1300,1380,100720,76942,0.064,4.31,27.1,66.6,34.3,0.551,0.023,0.024,0.052,0.88,0.09734513274336283,0.056451612903225805,-0.007633587786259542,0.06153846153846154,0.051925404849697654
187,91335,Reseda,Los Angeles,1810.0,1423.2,1116.0,1370,1480,1510,1640,76650,74632,0.068,3.11,27.1,65.8,37.9,0.481,0.055,0.014,0.142,0.525,0.22759856630824374,0.08029197080291971,0.02027027027027027,0.08609271523178808,0.10356338065330545
188,91340,San Fernando,Los Angeles,1579.0,1267.6,1008.0,1240,1320,1330,1440,34610,71664,0.069,3.99,27.1,65.8,35.5,0.567,0.022,0.019,0.038,0.914,0.23015873015873015,0.06451612903225806,0.007575757575757576,0.08270676691729323,0.09623934592100976
189,91342,Sylmar,Los Angeles,1646.0,1314.8,1044.0,1280,1370,1380,1500,96429,89264,0.063,3.66,27.1,65.2,36.9,0.597,0.046,0.029,0.087,0.744,0.2260536398467433,0.0703125,0.0072992700729927005,0.08695652173913043,0.09765548291471661
190,91343,North Hills,Los Angeles,1585.0,1250.0,990.0,1210,1300,1310,1440,62595,77790,0.07,3.46,27.1,65.8,35.4,0.448,0.067,0.018,0.154,0.594,0.2222222222222222,0.0743801652892562,0.007692307692307693,0.09923664122137404,0.10088283410629002
191,91344,Granada Hills,Los Angeles,2041.0,1673.6,1368.0,1660,1740,1720,1880,52481,111897,0.08,3.0,27.1,65.8,42.4,0.669,0.04,0.011,0.195,0.318,0.2134502923976608,0.04819277108433735,-0.011494252873563218,0.09302325581395349,0.08579301660559711
192,91345,Mission Hills,Los Angeles,1973.0,1534.2,1161.0,1460,1630,1650,1770,18895,93622,0.053,3.35,27.1,65.8,40.3,0.455,0.029,0.028,0.122,0.672,0.2575366063738157,0.11643835616438356,0.012269938650306749,0.07272727272727272,0.11474304347894468
193,91350,Canyon County,Santa Clarita,2266.0,1782.4,1422.0,1730,1860,1840,2060,41514,137626,0.045,3.05,1.6,65.6,36.7,0.73,0.061,0.019,0.164,0.305,0.21659634317862167,0.07514450867052024,-0.010752688172043012,0.11956521739130435,0.1001383452671008
194,91351,Canyon County,Santa Clarita,1943.0,1554.6,1233.0,1520,1620,1630,1770,34684,104214,0.067,3.05,1.6,65.6,37.2,0.704,0.054,0.023,0.092,0.515,0.23276561232765614,0.06578947368421052,0.006172839506172839,0.08588957055214724,0.09765437401754669
195,91352,Sun Valley,Los Angeles,1582.0,1261.8,999.0,1220,1320,1330,1440,47274,68132,0.059,3.71,27.1,65.2,37.0,0.625,0.028,0.029,0.057,0.698,0.22122122122122123,0.08196721311475409,0.007575757575757576,0.08270676691729323,0.09836773970725653
196,91354,Valencia,Santa Clarita,2538.0,1983.2,1566.0,1920,2050,2080,2300,33962,145442,0.061,3.05,1.6,65.6,39.4,0.682,0.07,0.019,0.22,0.194,0.2260536398467433,0.06770833333333333,0.014634146341463415,0.10576923076923077,0.10354133757269271
197,91355,Valencia,Santa Clarita,2341.0,1834.0,1440.0,1770,1900,1940,2120,32886,109752,0.08,3.05,1.6,65.6,42.3,0.798,0.043,0.023,0.143,0.216,0.22916666666666666,0.07344632768361582,0.021052631578947368,0.09278350515463918,0.10411228277096726
198,91356,Tarzana,Los Angeles,1776.0,1524.4,1242.0,1480,1620,1630,1650,30664,105513,0.066,2.51,27.1,65.2,43.1,0.772,0.088,0.015,0.103,0.166,0.19162640901771336,0.0945945945945946,0.006172839506172839,0.012269938650306749,0.07616594544219689
199,91361,Westlake Village,Westlake Village,2498.0,1819.0,1395.0,1710,1780,1990,2220,20262,127304,0.043,2.53,1.1,64.3,51.7,0.865,0.015,0.013,0.127,0.11,0.22580645161290322,0.04093567251461988,0.11797752808988764,0.11557788944723618,0.12507438541616173
200,91362,Westlake Village,Westlake Village,2346.0,1649.2,1296.0,1530,1540,1800,2080,35803,135998,0.054,2.53,1.1,64.3,45.8,0.853,0.027,0.015,0.114,0.166,0.18055555555555555,0.006535947712418301,0.16883116883116883,0.15555555555555556,0.12786955691367458
201,91364,Woodland Hills,Los Angeles,2538.0,1983.2,1566.0,1920,2050,2080,2300,27071,128306,0.076,2.76,27.1,65.2,42.4,0.78,0.075,0.008,0.13,0.132,0.2260536398467433,0.06770833333333333,0.014634146341463415,0.10576923076923077,0.10354133757269271
202,91367,Woodland Hills,Los Angeles,2471.0,2016.0,1730.0,1920,2050,2080,2300,46498,106355,0.074,2.44,27.1,65.2,39.9,0.738,0.084,0.017,0.169,0.155,0.10982658959537572,0.06770833333333333,0.014634146341463415,0.10576923076923077,0.07448457500985081
203,91387,Canyon County,Santa Clarita,1928.0,1608.0,1410.0,1540,1630,1650,1810,45749,111090,0.053,3.05,1.6,65.6,34.7,0.665,0.092,0.026,0.119,0.434,0.09219858156028368,0.05844155844155844,0.012269938650306749,0.09696969696969697,0.06496994390546146
204,91390,Saugus,Santa Clarita,2517.0,1930.0,1540.0,1760,1990,2080,2280,20128,145465,0.038,3.05,1.6,65.6,44.9,0.788,0.029,0.02,0.077,0.265,0.14285714285714285,0.13068181818181818,0.04522613065326633,0.09615384615384616,0.10372973446151837
205,91401,Van Nuys,Los Angeles,1680.0,1384.0,1200.0,1330,1400,1420,1570,39621,72476,0.074,2.6,27.1,65.2,37.1,0.681,0.068,0.021,0.07,0.442,0.10833333333333334,0.05263157894736842,0.014285714285714285,0.1056338028169014,0.07022110734582937
206,91402,Panorama City,Los Angeles,1571.0,1312.0,1130.0,1260,1350,1350,1470,70140,55130,0.091,3.36,27.1,65.8,34.4,0.248,0.039,0.016,0.161,0.701,0.11504424778761062,0.07142857142857142,0.0,0.08888888888888889,0.06884042702626773
207,91403,Sherman Oaks,Los Angeles,2240.0,1794.0,1550.0,1680,1800,1860,2080,25329,107970,0.082,2.17,27.1,65.8,39.4,0.803,0.078,0.02,0.114,0.166,0.08387096774193549,0.07142857142857142,0.03333333333333333,0.11827956989247312,0.07672811059907834
208,91405,Valley Glen,Los Angeles,1641.0,1340.0,1160.0,1280,1360,1370,1530,55319,58365,0.085,2.99,27.1,65.2,34.7,0.501,0.057,0.019,0.099,0.61,0.10344827586206896,0.0625,0.007352941176470588,0.11678832116788321,0.07252238455160569
209,91406,Van Nuys,Los Angeles,1678.0,1358.0,1170.0,1290,1380,1390,1560,53252,71819,0.07,2.83,27.1,65.2,36.4,0.535,0.06,0.025,0.091,0.576,0.10256410256410256,0.06976744186046512,0.007246376811594203,0.1223021582733813,0.07547001987738579
210,91411,Van Nuys,Los Angeles,1783.0,1454.0,1250.0,1380,1480,1500,1660,24984,73669,0.073,2.5,27.1,65.2,35.8,0.6,0.085,0.014,0.104,0.477,0.104,0.07246376811594203,0.013513513513513514,0.10666666666666667,0.07416098707403056
211,91423,Sherman Oaks,Los Angeles,2080.0,1738.0,1510.0,1670,1770,1790,1950,32635,104205,0.109,2.12,27.1,65.8,40.1,0.858,0.089,0.02,0.09,0.139,0.10596026490066225,0.059880239520958084,0.011299435028248588,0.0893854748603352,0.06663135357755104
212,91436,Encino,Los Angeles,2468.0,2018.0,1740.0,1920,2050,2080,2300,15189,155346,0.062,2.7,27.1,65.8,47.0,0.897,0.046,0.008,0.056,0.077,0.10344827586206896,0.06770833333333333,0.014634146341463415,0.10576923076923077,0.07288999657652412
213,91501,Burbank,Burbank,1905.0,1602.0,1400.0,1540,1640,1640,1790,21157,80198,0.08,2.44,3.1,65.2,40.7,0.806,0.038,0.02,0.106,0.167,0.1,0.06493506493506493,0.0,0.09146341463414634,0.06409961989230281
214,91502,Burbank,Burbank,1536.0,1510.0,1380.0,1600,1580,1490,1500,11665,59711,0.044,2.44,3.1,65.2,34.7,0.658,0.058,0.011,0.163,0.286,0.15942028985507245,-0.0125,-0.056962025316455694,0.006711409395973154,0.024167418483647476
215,91504,Burbank,Burbank,2063.0,1638.0,1370.0,1530,1680,1710,1900,26678,99318,0.061,2.44,3.1,65.2,40.1,0.753,0.074,0.021,0.161,0.23,0.11678832116788321,0.09803921568627451,0.017857142857142856,0.1111111111111111,0.08594894770560292
216,91505,Burbank,Burbank,2226.0,1800.0,1550.0,1700,1820,1860,2070,32371,104361,0.069,2.44,3.1,65.2,39.4,0.77,0.042,0.026,0.157,0.279,0.0967741935483871,0.07058823529411765,0.02197802197802198,0.11290322580645161,0.07556091915674458
217,91506,Burbank,Burbank,1767.0,1446.0,1220.0,1370,1480,1520,1640,19338,104009,0.064,2.44,3.1,65.2,41.7,0.763,0.027,0.02,0.176,0.255,0.12295081967213115,0.08029197080291971,0.02702702702702703,0.07894736842105263,0.07730429648078263
218,91601,North Hollywood,Los Angeles,1938.0,1514.0,1270.0,1410,1530,1580,1780,39429,73735,0.099,2.0,27.1,66.6,34.1,0.673,0.123,0.015,0.111,0.331,0.11023622047244094,0.0851063829787234,0.032679738562091505,0.12658227848101267,0.08865115512356712
219,91602,North Hollywood,Los Angeles,2130.0,1732.0,1520.0,1640,1740,1770,1990,19647,93210,0.078,1.99,27.1,66.6,39.6,0.74,0.087,0.017,0.122,0.186,0.07894736842105263,0.06097560975609756,0.017241379310344827,0.12429378531073447,0.07036453569955738
220,91604,North Hollywood,Los Angeles,2252.0,1858.0,1630.0,1770,1870,1910,2110,30947,132494,0.098,2.2,27.1,66.6,40.5,0.831,0.072,0.012,0.122,0.119,0.08588957055214724,0.05649717514124294,0.0213903743315508,0.10471204188481675,0.06712229047743944
221,91605,North Hollywood,Los Angeles,1623.0,1278.0,1060.0,1190,1300,1350,1490,54341,61031,0.091,3.15,27.1,66.6,36.3,0.591,0.029,0.025,0.094,0.605,0.12264150943396226,0.09243697478991597,0.038461538461538464,0.1037037037037037,0.0893109315972801
222,91606,North Hollywood,Los Angeles,1567.0,1302.0,1140.0,1240,1320,1340,1470,43955,64976,0.076,2.81,27.1,66.6,37.4,0.651,0.071,0.026,0.06,0.537,0.08771929824561403,0.06451612903225806,0.015151515151515152,0.09701492537313433,0.06610046695063039
223,91607,North Hollywood,Los Angeles,1859.0,1514.0,1300.0,1430,1540,1570,1730,30502,82995,0.08,2.2,27.1,66.6,38.4,0.74,0.113,0.015,0.113,0.233,0.1,0.07692307692307693,0.01948051948051948,0.10191082802547771,0.07457860610726853
224,91702,Irwindale,Azusa,1581.0,1312.0,1140.0,1260,1330,1350,1480,62328,82382,0.06,3.25,2.8,64.4,33.0,0.546,0.044,0.04,0.151,0.685,0.10526315789473684,0.05555555555555555,0.015037593984962405,0.0962962962962963,0.06803815093288777
225,91706,Baldwin Park,Baldwin Park,1505.0,1258.0,1090.0,1200,1290,1300,1410,73313,76348,0.071,3.95,4.5,64.4,37.1,0.432,0.013,0.092,0.227,0.729,0.10091743119266056,0.075,0.007751937984496124,0.08461538461538462,0.06707118844813534
226,91711,Claremont,Claremont,1856.0,1526.0,1310.0,1450,1570,1570,1730,38122,115079,0.055,2.56,2.8,65.4,41.4,0.706,0.077,0.032,0.184,0.25,0.10687022900763359,0.08275862068965517,0.0,0.10191082802547771,0.07288491943069161
227,91722,Covina,Covina,1726.0,1426.0,1260.0,1360,1430,1460,1620,36111,95157,0.054,3.08,3.2,64.4,37.7,0.549,0.043,0.026,0.187,0.635,0.07936507936507936,0.051470588235294115,0.02097902097902098,0.1095890410958904,0.06535093241882121
228,91723,Covina,Covina,1551.0,1300.0,1150.0,1260,1300,1330,1460,19653,82018,0.065,3.08,3.2,64.4,38.1,0.609,0.061,0.045,0.115,0.649,0.09565217391304348,0.031746031746031744,0.023076923076923078,0.09774436090225563,0.062054872409563484
229,91724,Charter Oak,Charter Oak,1926.0,1558.0,1300.0,1460,1600,1650,1780,27180,96720,0.066,2.86,6.4,63.0,38.5,0.554,0.071,0.035,0.177,0.553,0.12307692307692308,0.0958904109589041,0.03125,0.07878787878787878,0.0822513032059265
230,91731,El Monte,El Monte,1388.0,1158.0,1000.0,1090,1160,1240,1300,28197,57047,0.081,3.61,3.7,67.2,35.9,0.403,0.005,0.075,0.293,0.649,0.09,0.06422018348623854,0.06896551724137931,0.04838709677419355,0.06789319937545285
231,91732,El Monte,El Monte,1432.0,1192.0,1030.0,1140,1210,1240,1340,60137,62047,0.059,3.61,3.7,67.2,37.6,0.366,0.014,0.065,0.291,0.66,0.10679611650485436,0.06140350877192982,0.024793388429752067,0.08064516129032258,0.06840954374921471
232,91733,South El Monte,South El Monte,1385.0,1166.0,1010.0,1110,1170,1240,1300,41990,63883,0.075,3.91,6.4,67.2,37.9,0.315,0.009,0.018,0.242,0.723,0.09900990099009901,0.05405405405405406,0.05982905982905983,0.04838709677419355,0.06532002791185161
233,91740,Glendora,Glendora,1793.0,1448.0,1260.0,1370,1450,1490,1670,26644,96433,0.052,3.04,2.7,64.4,38.0,0.689,0.05,0.046,0.122,0.497,0.0873015873015873,0.058394160583941604,0.027586206896551724,0.12080536912751678,0.07352183097739935
234,91741,Glendora,Glendora,1974.0,1672.0,1470.0,1620,1700,1710,1860,26999,117252,0.068,3.04,2.7,64.4,42.9,0.726,0.036,0.029,0.159,0.298,0.10204081632653061,0.04938271604938271,0.0058823529411764705,0.08771929824561403,0.06125629589067596
235,91744,La Puente,City of Industry,1492.0,1224.0,1050.0,1160,1250,1270,1390,81817,86290,0.068,3.6,179.9,63.0,36.1,0.403,0.023,0.024,0.142,0.803,0.10476190476190476,0.07758620689655173,0.016,0.09448818897637795,0.07320907515870861
236,91745,Hacienda Heights,Hacienda Heights,1696.0,1432.0,1270.0,1370,1460,1460,1600,54280,101427,0.054,3.37,6.4,65.4,43.4,0.356,0.014,0.026,0.43,0.432,0.07874015748031496,0.06569343065693431,0.0,0.0958904109589041,0.06008099977403834
237,91746,Avocado Heights,Avocado Heights,1525.0,1348.0,1230.0,1320,1380,1350,1460,29509,83634,0.073,3.68,6.4,64.4,38.8,0.405,0.024,0.021,0.115,0.84,0.07317073170731707,0.045454545454545456,-0.021739130434782608,0.08148148148148149,0.04459190705214035
238,91748,Rowland Heights,Rowland Heights,1554.0,1306.0,1140.0,1260,1330,1340,1460,44737,83610,0.062,3.17,0.0,67.2,43.2,0.18,0.013,0.014,0.616,0.307,0.10526315789473684,0.05555555555555555,0.007518796992481203,0.08955223880597014,0.06447243731218594
239,91750,La Verne,La Verne,1584.0,1338.0,1170.0,1290,1370,1370,1490,33376,103774,0.061,2.64,0.3,64.9,45.1,0.753,0.06,0.02,0.128,0.362,0.10256410256410256,0.06201550387596899,0.0,0.08759124087591241,0.06304271182899598
240,91754,Monterey Park,Monterey Park,1418.0,1232.0,1110.0,1200,1250,1250,1350,33300,83490,0.057,2.94,5.3,67.2,44.2,0.193,0.019,0.015,0.622,0.311,0.08108108108108109,0.041666666666666664,0.0,0.08,0.05068693693693693
241,91755,Monterey Park,Monterey Park,1485.0,1280.0,1150.0,1240,1310,1290,1410,27637,70459,0.059,2.94,5.3,67.2,45.1,0.17,0.012,0.011,0.727,0.22,0.0782608695652174,0.056451612903225805,-0.015267175572519083,0.09302325581395349,0.0531171406774694
242,91765,Diamond Bar,Diamond Bar,2192.0,1904.0,1690.0,1850,1960,1940,2080,46449,105712,0.054,3.05,1.7,65.4,44.9,0.284,0.05,0.02,0.615,0.187,0.09467455621301775,0.05945945945945946,-0.01020408163265306,0.07216494845360824,0.05402372062335809
243,91766,Phillips Ranch,Pomona,1425.0,1166.0,1010.0,1090,1160,1240,1330,70701,72692,0.058,3.5,5.7,67.2,34.1,0.424,0.057,0.029,0.146,0.728,0.07920792079207921,0.06422018348623854,0.06896551724137931,0.07258064516129033,0.07124356667024685
244,91767,Pomona,Pomona,1405.0,1188.0,1030.0,1140,1210,1240,1320,51654,75870,0.071,3.5,5.7,67.2,35.3,0.478,0.08,0.04,0.099,0.695,0.10679611650485436,0.06140350877192982,0.024793388429752067,0.06451612903225806,0.06437728568469858
245,91768,Pomona,Pomona,1415.0,1162.0,1000.0,1090,1160,1240,1320,35568,71462,0.078,3.5,5.7,67.2,30.6,0.449,0.046,0.053,0.082,0.742,0.09,0.06422018348623854,0.06896551724137931,0.06451612903225806,0.07192545743996898
246,91770,Rosemead,Rosemead,1472.0,1204.0,1030.0,1140,1230,1250,1370,59360,70863,0.05,3.58,4.4,67.2,43.2,0.131,0.012,0.011,0.649,0.301,0.10679611650485436,0.07894736842105263,0.016260162601626018,0.096,0.07450091188188325
247,91773,San Dimas,San Dimas,2004.0,1680.0,1460.0,1620,1720,1720,1880,34592,101466,0.053,2.81,2.7,67.2,42.7,0.694,0.048,0.028,0.188,0.361,0.1095890410958904,0.06172839506172839,0.0,0.09302325581395349,0.06608517299289307
248,91775,San Gabriel,San Gabriel,1837.0,1432.0,1180.0,1330,1470,1500,1680,24252,107359,0.063,3.13,4.0,67.2,43.8,0.324,0.021,0.007,0.546,0.243,0.1271186440677966,0.10526315789473684,0.02040816326530612,0.12,0.0931974913069599
249,91776,San Gabriel,San Gabriel,1570.0,1322.0,1170.0,1270,1340,1350,1480,38031,77147,0.077,3.13,4.0,67.2,43.1,0.207,0.017,0.008,0.623,0.282,0.08547008547008547,0.05511811023622047,0.007462686567164179,0.0962962962962963,0.0610867946424416
250,91780,Temple City,Temple City,1793.0,1368.0,1150.0,1240,1380,1430,1640,35751,94946,0.059,3.04,1.9,67.2,42.7,0.259,0.016,0.019,0.673,0.184,0.0782608695652174,0.11290322580645161,0.036231884057971016,0.14685314685314685,0.09356228157069671
251,91789,Diamond Bar,Diamond Bar,2468.0,2018.0,1740.0,1920,2050,2080,2300,41235,123555,0.046,3.05,1.7,65.4,46.1,0.228,0.03,0.005,0.68,0.193,0.10344827586206896,0.06770833333333333,0.014634146341463415,0.10576923076923077,0.07288999657652412
252,91790,West Covina,West Covina,1843.0,1472.0,1270.0,1390,1470,1520,1710,46364,97868,0.065,3.32,3.9,64.4,38.0,0.443,0.036,0.029,0.231,0.621,0.09448818897637795,0.05755395683453238,0.034013605442176874,0.125,0.0777639378132718
253,91791,West Covina,West Covina,1758.0,1436.0,1210.0,1370,1480,1490,1630,34267,96470,0.084,3.32,3.9,64.4,43.1,0.421,0.043,0.032,0.31,0.505,0.1322314049586777,0.08029197080291971,0.006756756756756757,0.09395973154362416,0.07830996601549459
254,91792,West Covina,West Covina,1843.0,1494.0,1270.0,1420,1520,1550,1710,30683,94439,0.053,3.32,3.9,64.4,39.8,0.269,0.093,0.014,0.436,0.423,0.11811023622047244,0.07042253521126761,0.019736842105263157,0.1032258064516129,0.07787385499715403
255,91801,Alhambra,Alhambra,1597.0,1334.0,1170.0,1280,1350,1370,1500,53669,81580,0.058,2.71,2.0,67.2,41.0,0.242,0.036,0.027,0.546,0.328,0.09401709401709402,0.0546875,0.014814814814814815,0.0948905109489051,0.06460247994520349
256,91803,Alhambra,Alhambra,1511.0,1278.0,1110.0,1230,1310,1320,1420,29374,76694,0.048,2.71,2.0,67.2,41.2,0.277,0.029,0.019,0.507,0.393,0.10810810810810811,0.06504065040650407,0.007633587786259542,0.07575757575757576,0.06413498051461188
257,93510,Acton,Acton,1501.0,1622.0,1610.0,1690,1730,1560,1520,7591,123438,0.017,2.9,6.4,62.1,46.3,0.812,0.03,0.019,0.039,0.297,0.049689440993788817,0.023668639053254437,-0.09826589595375723,-0.02564102564102564,-0.012637210386934905
258,93534,Lancaster,Lancaster,1333.0,1134.0,970.0,1050,1160,1240,1250,43906,55945,0.087,3.16,44.9,62.1,34.4,0.546,0.276,0.014,0.045,0.418,0.08247422680412371,0.10476190476190476,0.06896551724137931,0.008064516129032258,0.06606654123411002
259,93535,Lake Los Angeles,Lake Los Angeles,1333.0,1134.0,970.0,1050,1160,1240,1250,82149,61183,0.089,3.72,6.4,62.1,31.3,0.567,0.245,0.03,0.036,0.534,0.08247422680412371,0.10476190476190476,0.06896551724137931,0.008064516129032258,0.06606654123411002
260,93536,Lancaster,Lancaster,1333.0,1134.0,970.0,1050,1160,1240,1250,74283,97418,0.056,3.16,44.9,62.1,37.0,0.681,0.161,0.031,0.073,0.37,0.08247422680412371,0.10476190476190476,0.06896551724137931,0.008064516129032258,0.06606654123411002
261,93543,Littlerock,Littlerock,1372.0,1314.0,1270.0,1310,1350,1290,1350,14132,69727,0.079,3.98,6.4,63.6,37.0,0.619,0.011,0.012,0.019,0.742,0.031496062992125984,0.030534351145038167,-0.044444444444444446,0.046511627906976744,0.01602439939992411
262,93550,Palmdale,Palmdale,1333.0,1134.0,970.0,1050,1160,1240,1250,82379,61394,0.09,3.58,5.4,62.6,30.8,0.415,0.159,0.029,0.032,0.689,0.08247422680412371,0.10476190476190476,0.06896551724137931,0.008064516129032258,0.06606654123411002
263,93551,Palmdale,Palmdale,1868.0,1640.0,1470.0,1600,1680,1670,1780,56001,107133,0.053,3.58,5.4,62.6,38.0,0.633,0.1,0.02,0.113,0.435,0.08843537414965986,0.05,-0.005952380952380952,0.0658682634730539,0.049587814167583205
264,93552,Palmdale,Palmdale,1798.0,1542.0,1360.0,1480,1580,1590,1700,42468,85890,0.069,3.58,5.4,62.6,32.8,0.513,0.121,0.032,0.031,0.723,0.08823529411764706,0.06756756756756757,0.006329113924050633,0.06918238993710692,0.05782859138659305
265,93591,"Lake Los Angeles,",Palmdale,1355.0,1160.0,1020.0,1100,1160,1240,1280,7450,57826,0.063,3.58,5.4,62.6,30.4,0.741,0.066,0.025,0.031,0.709,0.0784313725490196,0.05454545454545454,0.06896551724137931,0.03225806451612903,0.05855010221299562
